{"Accels": [1.0, 1.0, 1.0], "AccelBias": [0.0, 0.0, 0.0], "GyroBias": [0.0, 0.0, 0.0], "Mags": [0.7060414006667091, 1.4854496819555258, 0.8085089173777652], "MagBias": [24.749297924297927, 37.06742693070818, -40.98253205128205]}