{"Accels": [1.0117238626037777, 1.0112199353596925, 1.0007772879218009], "AccelBias": [-0.03656301495100533, 0.06751179532852908, -0.20766834422401717], "GyroBias": [0.0, 0.0, 0.0], "Mags": [0.7736603393247102, 0.999076096086007, 1.2272635645892827], "MagBias": [11.128281440781443, 34.834449404761905, -42.790584935897435]}